device_id,timestamp,temperature_c,humidity_pct,motion,alerts
iot-node-01,2026-10-05T12:34:00Z,24.09,61.52,0,
iot-node-01,2026-10-05T12:34:01Z,24.23,62.62,1,MOTION_DETECTED
iot-node-01,2026-10-05T12:34:02Z,24.62,60.31,0,
iot-node-01,2026-10-05T12:34:03Z,25.0,58.73,0,
iot-node-01,2026-10-05T12:34:04Z,24.87,59.61,1,MOTION_DETECTED
iot-node-01,2026-10-05T12:34:05Z,25.02,57.49,0,
iot-node-01,2026-10-05T12:34:06Z,25.44,58.31,0,
iot-node-01,2026-10-05T12:34:07Z,25.34,56.44,0,
iot-node-01,2026-10-05T12:34:08Z,25.1,56.99,1,MOTION_DETECTED
iot-node-01,2026-10-05T12:34:09Z,25.21,58.44,0,
iot-node-01,2026-10-05T12:34:10Z,24.91,59.28,0,
iot-node-01,2026-10-05T12:34:11Z,24.74,59.39,1,MOTION_DETECTED
iot-node-01,2026-10-05T12:34:12Z,24.66,59.85,1,MOTION_DETECTED
iot-node-01,2026-10-05T12:34:13Z,24.04,60.48,0,
iot-node-01,2026-10-05T12:34:14Z,23.82,60.38,0,
iot-node-01,2026-10-05T12:34:15Z,23.77,61.86,0,
iot-node-01,2026-10-05T12:34:16Z,23.43,62.91,1,MOTION_DETECTED
iot-node-01,2026-10-05T12:34:17Z,23.44,64.91,1,MOTION_DETECTED
iot-node-01,2026-10-05T12:34:18Z,23.01,65.03,1,MOTION_DETECTED
iot-node-01,2026-10-05T12:34:19Z,22.75,63.9,0,
iot-node-01,2026-10-05T12:34:20Z,23.15,65.98,0,
iot-node-01,2026-10-05T12:34:21Z,22.78,65.64,1,MOTION_DETECTED
iot-node-01,2026-10-05T12:34:22Z,22.81,65.45,0,
iot-node-01,2026-10-05T12:34:23Z,22.59,66.34,0,
iot-node-01,2026-10-05T12:34:24Z,22.84,66.36,0,
iot-node-01,2026-10-05T12:34:25Z,23.11,65.79,0,
iot-node-01,2026-10-05T12:34:26Z,23.07,63.75,1,MOTION_DETECTED
iot-node-01,2026-10-05T12:34:27Z,23.56,63.43,1,MOTION_DETECTED
iot-node-01,2026-10-05T12:34:28Z,23.63,63.12,0,
iot-node-01,2026-10-05T12:34:29Z,23.95,62.78,1,MOTION_DETECTED
